{"status":true,"data":[{"stream_id":"1","level_id":"1","stream_name":"Science(12th-PCM or PCB)","description":"Science stream with PCM or PCB","duration":"2 Years","future_scope":"Engineering, Medicine, Research"},{"stream_id":"2","level_id":"1","stream_name":"Diploma Engineering","description":"Technical diploma after 10th (private or government colleges)\r\n","duration":"3 Years","future_scope":"Lateral entry to B.Tech"},{"stream_id":"6","level_id":"1","stream_name":"Commerce (12th)\r\n","description":"Commerce with Accounts, Business","duration":"2 Years","future_scope":"CA, BBA, MBA, Finance"},{"stream_id":"7","level_id":"1","stream_name":"Arts (12th)\r\n","description":"Arts and Humanities stream","duration":"2 Years","future_scope":"Civil services, Law, Design"},{"stream_id":"9","level_id":"1","stream_name":"ITI","description":"Industrial Training Institute courses","duration":"1\u20132 Years","future_scope":"Technical & trade jobs"},{"stream_id":"17","level_id":"1","stream_name":"Polytechnic Diploma","description":"State board technical diploma with lateral entry eligibility\r\n","duration":"3 Years","future_scope":"Industry & lateral entry"},{"stream_id":"18","level_id":"1","stream_name":"Vocational Courses","description":"Skill-based vocational education","duration":"1\u20132 Years","future_scope":"Employment & entrepreneurship"}]}